title,author,short_description,long_description,tag_ids
Syndicate Next-Generation E-Commerce,John Miller,Multi-layered asymmetric framework,Attention hospital debate fire soldier religious green. Capital better society peace certainly. Become close military employee price word. According from term former bill. Despite soon floor reduce interesting.,[8]
E-Enable Scalable Applications,Amanda Hernandez,Programmable global parallelism,Affect road on allow. Officer month military cover. With pass painting. Enough room face all.,[10]
Evolve End-To-End Platforms,Alyssa King,Assimilated local array,Whatever hair provide card. Once ball without amount pretty never white country. These special commercial also win interesting. Evidence politics happen. From guess figure. Help total your film.,[6]
Revolutionize Cross-Media Deliverables,Randy Edwards,Progressive non-volatile standardization,Perhaps manage dinner. Enjoy where they near. For age again sea book without later score. Political very heavy must wrong. Language her nature avoid player among explain. Middle create network.,"[1, 5, 10]"
Drive B2C Communities,James Rose,Streamlined motivating approach,Audience agreement financial remember however provide building. Expect sister and. Movement involve analysis north sure.,[10]
Transition One-To-One Info-Mediaries,Jessica Howard MD,Expanded bottom-line middleware,Apply style act two girl after wait. Floor despite successful society five prove style. Tv five style eye. Customer speak pass social Mrs scientist minute. Early federal maybe include their matter. Today best explain.,"[5, 9, 10]"
Productize Cross-Platform Applications,Anita Martinez,Secured directional structure,Wife attack add gun industry. Group fine between defense cause well trip. Gun sport field already. Reach interest evidence relationship option. Forget trip but. Development source ground leader.,"[1, 9, 10]"
Deploy Strategic Portals,Robert Sanchez,Robust asynchronous database,Yes study plan director hope. Treatment term modern such beyond ahead. Here phone address discuss air participant management.,[3]
Innovate Extensible Action-Items,John Rodriguez,Implemented grid-enabled migration,Seem part organization situation who possible after argue. Baby view certain community business election. Theory report civil friend. Standard financial sometimes hospital. Board simply sure.,"[2, 9]"
Streamline 24/7 Action-Items,Justin Phelps,Adaptive fresh-thinking workforce,Attack statement room positive. Probably prevent work former write second science. Against nature huge. So thought sit police American after whole.,"[6, 7, 8]"
Monetize Wireless Metrics,Jennifer Smith,Sharable well-modulated core,Site senior east word rise. Too letter bank economy present quality good. General think easy campaign. Policy senior difference year the camera.,"[6, 8, 10]"
Re-Intermediate Next-Generation Partnerships,Tamara Jackson,Polarized methodical definition,Possible hundred work close. Six occur budget represent understand artist rule voice. Performance remain prove strong change. Near century husband work.,[1]
Deploy Innovative Schemas,Christina Cooper,Customizable multimedia toolset,Drive huge better if. Health experience cup. Onto sound term work present us. Standard out some within responsibility would matter. Than establish list ahead. Turn purpose leg hope.,"[5, 7, 8]"
Utilize Out-Of-The-Box E-Markets,Jill Bright,Enterprise-wide impactful frame,Feeling accept sing white data nature real. College play address that cover speech game. Myself likely cup close hotel often. Hour bar rich investment among language record.,"[3, 5, 9]"
Re-Contextualize Value-Added Metrics,Megan Rios,Up-sized local conglomeration,Suffer follow hospital without door adult knowledge. Laugh travel live develop political continue carry. Less everyone tree one front production dream friend.,"[5, 7, 10]"
Visualize Best-Of-Breed Metrics,Donald Allen,Sharable bi-directional superstructure,We agree other once response way. Difficult million election response people. Even mission compare. Mind responsibility family nearly support.,[10]
Extend Strategic Eyeballs,Dylan Thompson,Secured human-resource knowledge user,On oil effect remain cost tend. Fear others to choose. Set positive truth to study father section. Member smile responsibility. About glass beautiful my much. Available kind make community white.,"[1, 5]"
Synergize Next-Generation Communities,Sheila Martin,Function-based encompassing concept,Your we plant thing production stock read. Account chance material speak others believe reveal. Improve plant first say young voice include. Doctor down billion first hospital. Lead citizen bit week compare. All movement young tend.,[4]
Target Bricks-And-Clicks Solutions,Tammy Gibson,Universal demand-driven forecast,Consider weight physical listen no. Manager budget nearly man. Last receive first tend. Improve approach world if consumer toward. Factor night chair. Purpose beat letter forget sense study amount.,[8]
Drive Interactive Niches,Rachel Miller,Multi-tiered radical pricing structure,Law chance manager forward national. Too budget until second second father. Listen institution student they power. Plant president lose across environment. Back early green despite shake.,"[3, 6]"
Streamline Dot-Com E-Services,Jane Oneal,Ameliorated encompassing moratorium,Weight responsibility night. History single cultural society word lead. Order close huge enter our. Simply check go future purpose film how. Note shake play energy compare role oil.,"[1, 8]"
Streamline Granular Supply-Chains,John Richard,Ameliorated systemic functionalities,Significant moment phone pattern interview product. Husband actually according country. Employee audience hotel myself student military. Stop identify southern as quality example hold. Significant popular base team cup forget attorney. Us might much.,"[2, 6, 9]"
Visualize One-To-One Niches,Benjamin Wilson,Re-contextualized even-keeled superstructure,Share summer phone when me. Listen establish rich event modern. Speak wait hot pressure. Small probably girl fast ten. Question PM office.,"[4, 10]"
Re-Intermediate Customized E-Markets,Jessica Gibson,Universal intermediate firmware,President town meeting add season hold place when. Picture either better image night easy. Color president rock wife. Leader figure hold term six admit. Avoid agency return strategy fish standard build campaign. Threat democratic life board region to.,"[4, 6, 8]"
Optimize Bricks-And-Clicks Interfaces,Catherine Torres,Digitized background complexity,Compare magazine learn assume court appear. Provide money next service leg. Professional sound message phone. Tax behind main several.,"[4, 8, 10]"
Aggregate Killer Solutions,Gina Pratt,Reverse-engineered actuating solution,Expert subject again. Child hot ago choose article happy. Pm admit rule three expect option.,[8]
Deliver Best-Of-Breed Niches,Lisa Novak,Enterprise-wide background success,Strategy wish happen happen success game paper. Agency safe want develop rule off book. Act test media base class according soon. Miss interview trouble result blue participant. Can surface detail himself during line. Camera friend environment front girl history.,"[2, 6, 8]"
Exploit User-Centric Platforms,Yvonne Morris,Function-based multi-state budgetary management,Sound position might safe wear ball happen. Someone image floor serious one take yourself. Source worry fast great true protect.,"[3, 7, 9]"
Streamline Cross-Platform Supply-Chains,Ann Anderson,Ameliorated impactful firmware,Hear stand decide watch later almost. Child win yet heart perhaps color already. Must particular main your run artist organization. Later lawyer weight kid network. Seven daughter class factor same husband.,"[1, 8, 9]"
Visualize Synergistic Web Services,Elizabeth Graham,Re-contextualized multi-state support,Rock ability manage whole. Main professional total debate hotel almost. Discover bag find.,[6]
Architect Real-Time Channels,Eugene Morgan,Operative composite implementation,Page meeting deep make personal guy seat nice. Measure pass bag recently ground manage ahead. Huge understand land rather million all. Degree able arrive shake.,[1]
Deploy Front-End Models,Christopher Bradley,Upgradable homogeneous synergy,Color attention war cover song board degree. Bad lead expert cell. Piece never probably industry set wait dinner after. Type responsibility less guess free.,[4]
Re-Contextualize Viral Paradigms,Anthony Harris,Operative real-time focus group,Set together notice every tonight century ago. Field effect sense. Main character realize human now camera matter.,"[2, 9]"
Incubate Out-Of-The-Box Metrics,Amanda Schmidt,Mandatory needs-based monitoring,Read bring right painting scene. Improve final certainly moment. Remain kitchen someone color reflect remain. Church around voice. Water oil student paper hour. Close method world else visit.,"[2, 6]"
Target Frictionless Markets,Logan Huber,Adaptive tertiary frame,Risk girl whatever myself white. Focus look military than next he site. Measure tend we area financial drop. Those air news personal card look back. Experience during size receive street particular.,"[3, 8, 10]"
Mesh Ubiquitous Models,Jason Harvey,Visionary content-based Graphic Interface,Pass meeting everybody lawyer. Option down where role hair challenge week. Again boy fly hope probably. Heavy do about hair require important. Simply send very discussion structure exist. Recent tax serve everyone property red.,[9]
Leverage World-Class Vortals,Jack Byrd,Stand-alone zero-defect collaboration,Center seat maybe even. Recently probably clearly ago similar. Large between accept movement.,"[2, 9]"
Enable Distributed Action-Items,Christine White,Pre-emptive client-driven protocol,Everybody spring those. Machine hit treatment economic college ball. Or behind marriage or national base school. Common adult mean service bed. Since maybe scientist.,"[9, 10]"
Architect Virtual Web-Readiness,Crystal Thomas,Profound even-keeled knowledge user,Ahead western amount certainly risk ability human. Born energy act material site. Finish stage instead seat. More experience major trip rock table institution.,[7]
Transform Compelling Vortals,Matthew Hanna,Intuitive mobile model,Discussion enough street entire field. Little office white room meeting money music cover. Under measure again she detail. Staff kid nice serve development nothing value.,[7]
Drive Viral Functionalities,Regina Murphy,Robust 3rdgeneration matrices,In shoulder value century go stock option. Child here show agree cut bad reach. Oil third college data. Free indeed campaign collection interest beautiful. Building into activity listen voice end prepare.,[5]
Architect Front-End Platforms,Kimberly Randolph,User-friendly bifurcated budgetary management,Here me few middle. Save ask bar with table human beat myself. Catch program theory gas.,"[6, 8]"
Strategize Dynamic Roi,Michael Gilmore,Switchable mobile structure,Somebody every by will he include. Agent draw girl perhaps dream. Leave individual thing service however least. Or individual time. End account address fear. Democrat heavy itself necessary candidate other.,"[1, 3, 6]"
Syndicate Innovative Systems,Betty Jones,Synchronized optimal extranet,Modern face sea much painting career question soon. Evidence wide economic. Give painting concern.,[8]
Enable Cross-Platform Channels,Angela Johnson,Cross-platform zero administration migration,Lot gun everybody us necessary religious wait resource. Direction administration oil media among. Item food bit. When effect election away ok owner hold. Stop work seek vote smile report indicate.,"[9, 10]"
Morph Plug-And-Play Action-Items,Jennifer Ball,Multi-layered needs-based support,Politics with into heart hair much. Left cause raise picture know. Give business necessary build attorney difficult line. On grow affect generation still woman. Food property maintain set hot figure. Open daughter although.,"[1, 2, 9]"
Leverage Plug-And-Play Content,Laura Fox,Object-based coherent portal,Indicate when thought range sense current house. Set game friend Congress. Follow international exactly cold position. Art indeed character opportunity production style.,"[2, 9]"
Visualize Compelling Models,William Sanders,Front-line attitude-oriented application,Wrong trouble stage measure hour. Stand perhaps recent arm ask require. Under letter prevent such little environmental. Yet defense end find need if full child. Democratic trade page still organization run stand. That dream main kitchen people agreement modern.,[1]
Matrix Web-Enabled Applications,Timothy Myers,Total attitude-oriented neural-net,Five its teach including participant middle most. Director bit under trip forward people relate although. Four situation true up everyone over home thing. Room safe race difficult enter son cause.,"[2, 5]"
Transform Compelling Mindshare,Cody Villa,Triple-buffered attitude-oriented solution,Maintain character should support hard audience scene. Cell Democrat develop everyone hour. Throughout key be like fear training. Camera how understand huge when.,"[1, 3]"
Empower Ubiquitous E-Services,Erica Adams,Reactive object-oriented complexity,East religious language charge health clear. Event hard word. Person hope card deep. Point win hour citizen interview campaign early.,"[2, 3]"
Transition Mission-Critical Info-Mediaries,Mark Bautista,Persevering actuating system engine,None series time benefit. Recently each eight three. Miss determine production read parent. Specific discussion economy until prevent.,"[3, 6, 10]"
Scale Clicks-And-Mortar Models,Travis Burns,Proactive optimizing analyzer,Claim first maintain much half pick people. Offer go board different establish. Involve fact policy my television face relate actually. Son policy sing weight nearly theory. Sort which after color try onto.,"[4, 9]"
Grow E-Business Vortals,Cristian Martin,Persevering local hardware,Score discussion gun budget oil spring mean. New throw religious often small policy wife. Data fall nothing skill. Approach relate cost maintain half.,"[3, 4, 10]"
Iterate Revolutionary Communities,Christopher Bruce,Horizontal system-worthy forecast,Hot organization door child spend. Role apply big pretty war building once better. Speech believe from imagine couple first return. Movie family name forget in. Simple ball discuss ten there. Wish surface in you wish number.,"[2, 4, 6]"
Evolve Bricks-And-Clicks Niches,Seth Clark,Right-sized mobile product,Report town everybody message news later response. Lay official one. Treat position eight rest decade mother collection. Order mention have treat think kid movement. Prove difficult role group section room. Sea surface his trouble own.,"[9, 10]"
Facilitate Back-End Infrastructures,Colleen Thompson,Re-contextualized maximized conglomeration,Meet fill middle later own. Before street think hard opportunity. Series partner choice camera each usually two.,"[2, 10]"
Harness Dynamic Web-Readiness,Michael Lynch,Enhanced zero tolerance toolset,Medical north capital and high on money. Within interest type or increase southern. Worker prove show stuff letter Republican.,"[7, 8]"
E-Enable Front-End Supply-Chains,Ashley Garner,Multi-layered multimedia solution,She college travel run middle eye. Subject audience environment hard night color special. Chance rate her whether do choose medical use. West sense performance. Attack city recognize board when organization gun land.,[8]
Incubate Killer Interfaces,John Smith,Compatible incremental conglomeration,Although defense pay owner garden. Kid family why physical this soon. Fill through do west what upon. Blue western participant common late phone loss. Show account notice rich site day. Actually movement car large.,"[5, 6, 7]"
Integrate E-Business Infrastructures,Christopher Marshall,Virtual grid-enabled migration,Face create more key. Color myself tell they support learn society. Range truth old mission fire discover. During room physical interest coach result vote although. Mother sometimes media instead recognize. Address trip well that prevent.,"[1, 5]"
Target Efficient Deliverables,Christina Arnold,Centralized contextually-based capability,Great TV five effect. Sometimes member employee other. Read last radio mean carry. Pm home reveal.,"[7, 9]"
Incubate Ubiquitous Platforms,Kevin Oconnell,Decentralized global conglomeration,Keep thousand direction let. Control remain child end now. Two arrive likely course seem nation talk. Executive friend daughter design. Cold sea card tax story while his top.,[2]
Evolve Granular Channels,Ryan Johnston,Multi-channeled fresh-thinking support,Address either lawyer anyone character everything nearly just. Material ever section career religious beyond. Her example know cause even program even remember. Particularly hit form threat. Admit hospital determine between fall program. Order let strategy country race night several institution.,"[1, 4]"
Architect Cutting-Edge Action-Items,Stacie Thompson,Adaptive impactful workforce,Despite court improve order effect test note poor. Wait number place small. Physical machine lead own discussion sometimes.,"[5, 6]"
Reinvent Seamless Web Services,April Wolfe,Reverse-engineered client-server matrices,Easy keep store husband newspaper pretty. Offer themselves who together. Firm system difference difficult discover something TV. Near family pay here religious happy.,[9]
Syndicate 24/365 Infrastructures,Tonya Barrett,Phased transitional analyzer,Seat likely store word building idea. Sport decision claim under change explain. Allow behavior movement hot third forward.,"[3, 7]"
Iterate Proactive Initiatives,Jennifer Robles,Team-oriented full-range groupware,Structure career myself. American eight develop nature its fight. Side a plan him music wife. Care begin truth child evidence Congress him position.,"[4, 8]"
Engage Innovative Technologies,Amy Hardin,Diverse solution-oriented adapter,Open compare career lawyer. Personal table no song local election. Total up Republican choice side imagine task.,"[3, 4]"
Morph Open-Source Initiatives,Jeffrey Nguyen,Phased background attitude,Particularly federal white peace you center when. Possible question be despite serious sit. Morning usually deal. Resource strong feel spring.,[8]
Monetize Leading-Edge Communities,Lori King,Right-sized transitional service-desk,Director instead stop indicate. Standard concern tell arm. Your human question walk. Girl rate floor affect. Church because keep him dream. Actually debate hour network trip.,"[7, 8]"
Maximize Robust Networks,Tina Riley,Devolved homogeneous analyzer,Cultural research message most. Once catch rich project. Half population education write still avoid offer simple. Own wrong these standard. Deal themselves return hard red race. Have should sport.,"[5, 6]"
Scale Visionary Vortals,Mrs. Lauren Thomas,Fundamental motivating task-force,Political something you sport. Entire treatment understand. Tv decision far each be heavy action decision.,"[1, 3, 4]"
Mesh Cross-Platform Systems,Robin Bauer,Persevering tangible project,Base law one expect coach party bit. Well nature else control. Opportunity hour stage business age same.,"[1, 2]"
Benchmark Global Niches,Allison Bennett,Object-based even-keeled installation,Challenge floor drop should. Family dinner drop authority. Yet issue ball become voice.,"[7, 8]"
Disintermediate One-To-One Web Services,Raymond White,Fully-configurable global monitoring,Chair economic institution. She remain carry nice result name. Week speak character feel left charge mention. Day official boy successful sister low.,[5]
Streamline Mission-Critical Partnerships,Teresa Cook,Extended dedicated moderator,Fact or always course or. Skill every culture forget program author west. Hit ago visit million factor. Police degree exist when about truth.,"[2, 5]"
Aggregate Cross-Media Infrastructures,Laura Sullivan,Synergized modular workforce,Responsibility something up certain. Politics create produce late. Very artist street standard pull. Heart type garden sport practice. Real recently capital quickly participant. Pressure college daughter wrong late option. Morning cultural when act husband.,[5]
Seize Impactful Content,Mr. Anthony Jones,Right-sized asynchronous capacity,Sell majority of. Those customer look dream. Several several cut foreign into. Star heart drive behind. Budget while recent those sort cold. Whatever writer risk suggest follow contain hold.,[1]
Utilize Killer E-Business,Todd Perkins,Centralized exuding functionalities,Likely professional far member walk treatment. Collection beyond add space writer until with. Yard mother environmental center property no. Because various charge. Themselves international customer such almost. Stage much some adult amount.,[3]
Deploy Seamless Mindshare,Omar Palmer,Ergonomic upward-trending portal,Such effort grow population now. Better door professional hold. School action quickly part almost. Another out clear.,"[3, 4, 8]"
Embrace Revolutionary E-Business,Joseph Mills,Advanced high-level interface,Rest cover early serious political animal everything. Tree receive though most child. Involve street body unit. Site account radio reality suggest card reason. Catch let instead same.,[8]
Transform Cutting-Edge Web-Readiness,Amy Crawford,Optimized modular success,Magazine either often inside whether above. Back past miss start whom pay. Fall choice maybe design join pressure easy. Manager difference case produce difficult vote discover.,[1]
Morph Best-Of-Breed E-Services,Eric Hood,Organized demand-driven architecture,Line perhaps trip institution agent many. Movie season traditional. Treat throughout PM strategy can expert.,"[2, 4, 7]"
Engage World-Class Portals,Crystal Gray,Pre-emptive neutral customer loyalty,Early money writer ground traditional. Market time condition pick health soldier quickly. Old everybody we cover physical rich open reveal. Leg drive attention become popular cause. Here gas eight example student. Contain water thank have teacher treatment kind.,[3]
Engage Back-End Solutions,Kendra Lewis,Programmable uniform strategy,The investment guy. Who morning truth back term whole senior. Likely however next dog real truth. Environment later player building theory allow military. State accept where try head own until. Join drop face relate college.,"[7, 8, 10]"
E-Enable Vertical Architectures,Kayla Stanley,Profit-focused motivating infrastructure,Kid page including new. Different hotel best picture lawyer marriage should. Such remember often information police read their. Indeed appear use feeling provide truth beyond present. Understand yourself send.,"[2, 7]"
Streamline Granular Bandwidth,Jessica Clark,Virtual exuding access,Feel interview international total area walk. Than change budget analysis. Available establish scene wife fire phone industry. Director dream our impact door. Fill fast kitchen save. Particularly occur rest most student part happen.,"[1, 9]"
Incentivize Robust Web Services,James Sanchez,Re-contextualized zero administration framework,Fine reveal bit score. Trouble cause strategy. Include sure cultural current former. Exactly natural bill about conference hair ahead. Get modern beautiful want nor morning. Right these use lot something recognize.,"[5, 6, 10]"
Utilize Leading-Edge Relationships,Ryan Murray,Universal explicit process improvement,Gun approach her serious. Note long as write send section hold occur. Baby hundred tonight rich good. South theory truth couple. Base environment gun.,"[4, 6, 7]"
Scale Proactive Architectures,Brandy Meza,Object-based zero administration migration,Issue its wall. Season article whether. Seem weight land difficult model attack wall. Off serious professor realize red Democrat. Mother media again read pressure to.,"[5, 7]"
Evolve Global E-Commerce,Brenda Jones,Inverse regional database,Name brother their tonight beautiful. Reality phone popular social. Social blood drop test. Season establish us statement wide act positive lay. Behavior collection reveal left hit notice property deep. Resource right forward begin middle career participant.,[3]
Re-Contextualize Front-End Content,Jon Christensen,Fully-configurable attitude-oriented pricing structure,Size require stage no vote the sure. Company skin goal real artist general eye. Mission involve source despite great.,[7]
Repurpose Ubiquitous Applications,Zachary Santos,Implemented systematic standardization,Cultural eye away series particularly make clearly. Chance present full relate bring sort tell. Among story sign lot. Candidate girl north various nothing this campaign rise. Our for everybody each. Two water fear third southern across news.,"[1, 2]"
Enhance B2B Info-Mediaries,Dr. Neil Woods,Implemented dedicated extranet,Public modern individual happen fish face sense drug. Cause almost interview sit quality. Indicate business energy follow where usually hotel. Indicate glass concern activity.,[8]
Exploit Compelling E-Services,Kimberly Wright,Centralized context-sensitive ability,Great actually leader research wear audience above. Actually boy write truth. Ready property campaign thank carry right. Wrong eye thing matter. Foot remember memory none probably trade bad. Hospital service push class that.,[4]
Synthesize Next-Generation Vortals,Benjamin Cummings,Profit-focused disintermediate focus group,When recent that agreement a movement for. Customer people chair risk general. Positive position drug present general explain water.,"[1, 4]"
Brand Turn-Key Web Services,Michael Collins,Expanded content-based encoding,Eye fall wall upon it. See husband everyone. Safe still make reveal into factor.,"[2, 7]"
Target Interactive E-Tailers,Mr. Eric Short,Persevering well-modulated structure,Firm tend reality. Nation idea any event on old financial back. Less tax outside TV more let. Minute provide space write more environment.,"[3, 7]"
Deliver B2C E-Business,Jennifer Morgan,Diverse zero-defect installation,Interesting especially religious budget receive nature. Now situation window visit claim claim matter. Herself like season.,[6]
